project,baseline_type,compare_type,distance,normalized_distance
aep-core-0.10.0,original,hmd,229.0,0.5782828282828283
aep-core-0.10.0,original,crg_stddev_25,180.0,0.5113636363636364
aep-core-0.10.0,original,crg_stddev_50,180.0,0.5056179775280899
aep-core-0.10.0,original,crg_stddev_75,189.0,0.5264623955431755
aep-core-0.10.0,original,mq_iteration_0,265.0,0.6120092378752887
aep-core-0.10.0,original,mq_iteration_1,264.0,0.6111111111111112
aep-core-0.10.0,original,mq_iteration_2,273.0,0.6204545454545455
aep-core-0.10.0,original,mq_iteration_3,274.0,0.618510158013544
aep-core-0.10.0,original,mq_iteration_4,272.0,0.6195899772209568
aep-core-0.10.0,original,mq_iteration_5,274.0,0.6199095022624435
aep-core-0.10.0,original,mq_iteration_6,262.0,0.6093023255813953
aep-core-0.10.0,original,mq_iteration_7,265.0,0.6091954022988506
aep-core-0.10.0,original,mq_iteration_8,266.0,0.6100917431192661
aep-core-0.10.0,original,mq_iteration_9,271.0,0.6187214611872146
aep-core-0.10.0,original,mq_iteration_10,273.0,0.621867881548975
aep-core-0.10.0,original,mq_iteration_11,260.0,0.6060606060606061
aep-core-0.10.0,original,mq_iteration_12,276.0,0.6230248306997742
aep-core-0.10.0,original,mq_iteration_13,270.0,0.6192660550458715
aep-core-0.10.0,original,mq_iteration_14,268.0,0.6118721461187214
aep-core-0.10.0,original,mq_iteration_15,260.0,0.6046511627906976
aep-core-0.10.0,original,mq_iteration_16,267.0,0.6137931034482759
aep-core-0.10.0,original,mq_iteration_17,270.0,0.6192660550458715
aep-core-0.10.0,original,mq_iteration_18,268.0,0.6146788990825688
aep-core-0.10.0,original,mq_iteration_19,265.0,0.6120092378752887
aep-core-0.10.0,original,mq_iteration_20,271.0,0.615909090909091
aep-core-0.10.0,original,mq_iteration_21,268.0,0.6132723112128147
aep-core-0.10.0,original,mq_iteration_22,262.0,0.6093023255813953
aep-core-0.10.0,original,mq_iteration_23,271.0,0.6173120728929385
aep-core-0.10.0,original,mq_iteration_24,268.0,0.6160919540229886
aep-core-0.10.0,original,mq_iteration_25,259.0,0.6065573770491803
aep-core-0.10.0,original,mq_iteration_26,267.0,0.6152073732718893
aep-core-0.10.0,original,mq_iteration_27,264.0,0.6111111111111112
aep-core-0.10.0,original,mq_iteration_28,271.0,0.615909090909091
aep-core-0.10.0,original,mq_iteration_29,242.0,0.5902439024390244
dubbo-cluster-3.2.8,original,hmd,290.0,0.5894308943089431
dubbo-cluster-3.2.8,original,crg_stddev_25,418.0,0.6562009419152276
dubbo-cluster-3.2.8,original,crg_stddev_50,418.0,0.6562009419152276
dubbo-cluster-3.2.8,original,crg_stddev_75,254.0,0.5594713656387665
dubbo-cluster-3.2.8,original,mq_iteration_0,335.0,0.6102003642987249
dubbo-cluster-3.2.8,original,mq_iteration_1,329.0,0.6014625228519196
dubbo-cluster-3.2.8,original,mq_iteration_2,340.0,0.617059891107078
dubbo-cluster-3.2.8,original,mq_iteration_3,343.0,0.6169064748201439
dubbo-cluster-3.2.8,original,mq_iteration_4,335.0,0.6102003642987249
dubbo-cluster-3.2.8,original,mq_iteration_5,330.0,0.6066176470588235
dubbo-cluster-3.2.8,original,mq_iteration_6,332.0,0.6102941176470589
dubbo-cluster-3.2.8,original,mq_iteration_7,337.0,0.6105072463768116
dubbo-cluster-3.2.8,original,mq_iteration_8,330.0,0.6066176470588235
dubbo-cluster-3.2.8,original,mq_iteration_9,333.0,0.6110091743119266
dubbo-cluster-3.2.8,original,mq_iteration_10,339.0,0.6141304347826086
dubbo-cluster-3.2.8,original,mq_iteration_11,328.0,0.6051660516605166
dubbo-cluster-3.2.8,original,mq_iteration_12,336.0,0.6120218579234973
dubbo-cluster-3.2.8,original,mq_iteration_13,337.0,0.614963503649635
dubbo-cluster-3.2.8,original,mq_iteration_14,335.0,0.6113138686131386
dubbo-cluster-3.2.8,original,mq_iteration_15,328.0,0.6018348623853211
dubbo-cluster-3.2.8,original,mq_iteration_16,334.0,0.6094890510948905
dubbo-cluster-3.2.8,original,mq_iteration_17,339.0,0.6152450090744102
dubbo-cluster-3.2.8,original,mq_iteration_18,326.0,0.5981651376146789
dubbo-cluster-3.2.8,original,mq_iteration_19,326.0,0.6003683241252302
dubbo-cluster-3.2.8,original,mq_iteration_20,335.0,0.6113138686131386
dubbo-cluster-3.2.8,original,mq_iteration_21,331.0,0.6073394495412844
dubbo-cluster-3.2.8,original,mq_iteration_22,329.0,0.6058931860036832
dubbo-cluster-3.2.8,original,mq_iteration_23,331.0,0.6095764272559853
dubbo-cluster-3.2.8,original,mq_iteration_24,336.0,0.6120218579234973
dubbo-cluster-3.2.8,original,mq_iteration_25,341.0,0.6144144144144145
dubbo-cluster-3.2.8,original,mq_iteration_26,330.0,0.6066176470588235
dubbo-cluster-3.2.8,original,mq_iteration_27,332.0,0.6091743119266055
dubbo-cluster-3.2.8,original,mq_iteration_28,347.0,0.6229802513464991
dubbo-cluster-3.2.8,original,mq_iteration_29,346.0,0.6200716845878136
elasticsearch-core-9.1.0,original,hmd,89.0,0.5668789808917197
elasticsearch-core-9.1.0,original,crg_stddev_25,71.0,0.5107913669064749
elasticsearch-core-9.1.0,original,crg_stddev_50,79.0,0.5448275862068965
elasticsearch-core-9.1.0,original,crg_stddev_75,83.0,0.5496688741721855
elasticsearch-core-9.1.0,original,mq_iteration_0,108.0,0.6171428571428571
elasticsearch-core-9.1.0,original,mq_iteration_1,106.0,0.6162790697674418
elasticsearch-core-9.1.0,original,mq_iteration_2,109.0,0.6228571428571429
elasticsearch-core-9.1.0,original,mq_iteration_3,108.0,0.6206896551724138
elasticsearch-core-9.1.0,original,mq_iteration_4,110.0,0.625
elasticsearch-core-9.1.0,original,mq_iteration_5,102.0,0.6071428571428571
elasticsearch-core-9.1.0,original,mq_iteration_6,104.0,0.6046511627906976
elasticsearch-core-9.1.0,original,mq_iteration_7,104.0,0.6011560693641619
elasticsearch-core-9.1.0,original,mq_iteration_8,105.0,0.6104651162790697
elasticsearch-core-9.1.0,original,mq_iteration_9,98.0,0.5868263473053892
elasticsearch-core-9.1.0,original,mq_iteration_10,106.0,0.6127167630057804
elasticsearch-core-9.1.0,original,mq_iteration_11,105.0,0.6104651162790697
elasticsearch-core-9.1.0,original,mq_iteration_12,106.0,0.6162790697674418
elasticsearch-core-9.1.0,original,mq_iteration_13,110.0,0.6285714285714286
elasticsearch-core-9.1.0,original,mq_iteration_14,106.0,0.6162790697674418
elasticsearch-core-9.1.0,original,mq_iteration_15,99.0,0.5892857142857143
elasticsearch-core-9.1.0,original,mq_iteration_16,104.0,0.6153846153846154
elasticsearch-core-9.1.0,original,mq_iteration_17,102.0,0.6071428571428571
elasticsearch-core-9.1.0,original,mq_iteration_18,105.0,0.6104651162790697
elasticsearch-core-9.1.0,original,mq_iteration_19,104.0,0.6081871345029239
elasticsearch-core-9.1.0,original,mq_iteration_20,106.0,0.6057142857142858
elasticsearch-core-9.1.0,original,mq_iteration_21,101.0,0.6047904191616766
elasticsearch-core-9.1.0,original,mq_iteration_22,103.0,0.6058823529411764
elasticsearch-core-9.1.0,original,mq_iteration_23,102.0,0.6071428571428571
elasticsearch-core-9.1.0,original,mq_iteration_24,105.0,0.6140350877192983
elasticsearch-core-9.1.0,original,mq_iteration_25,103.0,0.6094674556213018
elasticsearch-core-9.1.0,original,mq_iteration_26,104.0,0.6153846153846154
elasticsearch-core-9.1.0,original,mq_iteration_27,107.0,0.6149425287356322
elasticsearch-core-9.1.0,original,mq_iteration_28,102.0,0.6
elasticsearch-core-9.1.0,original,mq_iteration_29,100.0,0.6024096385542169
elasticsearch-geo-9.1.0,original,hmd,73.0,0.5367647058823529
elasticsearch-geo-9.1.0,original,crg_stddev_25,70.0,0.5384615384615384
elasticsearch-geo-9.1.0,original,crg_stddev_50,69.0,0.5348837209302325
elasticsearch-geo-9.1.0,original,crg_stddev_75,62.0,0.484375
elasticsearch-geo-9.1.0,original,mq_iteration_0,88.0,0.5906040268456376
elasticsearch-geo-9.1.0,original,mq_iteration_1,89.0,0.5855263157894737
elasticsearch-geo-9.1.0,original,mq_iteration_2,89.0,0.5894039735099338
elasticsearch-geo-9.1.0,original,mq_iteration_3,86.0,0.5850340136054422
elasticsearch-geo-9.1.0,original,mq_iteration_4,89.0,0.5933333333333334
elasticsearch-geo-9.1.0,original,mq_iteration_5,88.0,0.5789473684210527
elasticsearch-geo-9.1.0,original,mq_iteration_6,86.0,0.581081081081081
elasticsearch-geo-9.1.0,original,mq_iteration_7,79.0,0.5563380281690141
elasticsearch-geo-9.1.0,original,mq_iteration_8,86.0,0.5771812080536913
elasticsearch-geo-9.1.0,original,mq_iteration_9,92.0,0.6052631578947368
elasticsearch-geo-9.1.0,original,mq_iteration_10,88.0,0.5827814569536424
elasticsearch-geo-9.1.0,original,mq_iteration_11,88.0,0.5906040268456376
elasticsearch-geo-9.1.0,original,mq_iteration_12,90.0,0.5844155844155844
elasticsearch-geo-9.1.0,original,mq_iteration_13,85.0,0.5666666666666667
elasticsearch-geo-9.1.0,original,mq_iteration_14,86.0,0.5850340136054422
elasticsearch-geo-9.1.0,original,mq_iteration_15,88.0,0.5906040268456376
elasticsearch-geo-9.1.0,original,mq_iteration_16,81.0,0.5586206896551724
elasticsearch-geo-9.1.0,original,mq_iteration_17,84.0,0.5753424657534246
elasticsearch-geo-9.1.0,original,mq_iteration_18,92.0,0.5935483870967742
elasticsearch-geo-9.1.0,original,mq_iteration_19,89.0,0.5855263157894737
elasticsearch-geo-9.1.0,original,mq_iteration_20,88.0,0.5906040268456376
elasticsearch-geo-9.1.0,original,mq_iteration_21,86.0,0.5771812080536913
elasticsearch-geo-9.1.0,original,mq_iteration_22,87.0,0.5761589403973509
elasticsearch-geo-9.1.0,original,mq_iteration_23,89.0,0.5894039735099338
elasticsearch-geo-9.1.0,original,mq_iteration_24,79.0,0.5563380281690141
elasticsearch-geo-9.1.0,original,mq_iteration_25,91.0,0.6026490066225165
elasticsearch-geo-9.1.0,original,mq_iteration_26,85.0,0.5629139072847682
elasticsearch-geo-9.1.0,original,mq_iteration_27,88.0,0.5866666666666667
elasticsearch-geo-9.1.0,original,mq_iteration_28,88.0,0.5789473684210527
elasticsearch-geo-9.1.0,original,mq_iteration_29,87.0,0.5761589403973509
elasticsearch-native-9.1.0,original,hmd,85.0,0.5483870967741935
elasticsearch-native-9.1.0,original,crg_stddev_25,73.0,0.503448275862069
elasticsearch-native-9.1.0,original,crg_stddev_50,78.0,0.5306122448979592
elasticsearch-native-9.1.0,original,crg_stddev_75,82.0,0.5466666666666666
elasticsearch-native-9.1.0,original,mq_iteration_0,97.0,0.5773809523809523
elasticsearch-native-9.1.0,original,mq_iteration_1,92.0,0.5542168674698795
elasticsearch-native-9.1.0,original,mq_iteration_2,106.0,0.6057142857142858
elasticsearch-native-9.1.0,original,mq_iteration_3,92.0,0.5542168674698795
elasticsearch-native-9.1.0,original,mq_iteration_4,105.0,0.6
elasticsearch-native-9.1.0,original,mq_iteration_5,99.0,0.5892857142857143
elasticsearch-native-9.1.0,original,mq_iteration_6,97.0,0.5773809523809523
elasticsearch-native-9.1.0,original,mq_iteration_7,103.0,0.5885714285714285
elasticsearch-native-9.1.0,original,mq_iteration_8,104.0,0.5977011494252874
elasticsearch-native-9.1.0,original,mq_iteration_9,105.0,0.6
elasticsearch-native-9.1.0,original,mq_iteration_10,100.0,0.591715976331361
elasticsearch-native-9.1.0,original,mq_iteration_11,102.0,0.5964912280701754
elasticsearch-native-9.1.0,original,mq_iteration_12,100.0,0.5882352941176471
elasticsearch-native-9.1.0,original,mq_iteration_13,107.0,0.6045197740112994
elasticsearch-native-9.1.0,original,mq_iteration_14,102.0,0.5930232558139535
elasticsearch-native-9.1.0,original,mq_iteration_15,105.0,0.6
elasticsearch-native-9.1.0,original,mq_iteration_16,106.0,0.6057142857142858
elasticsearch-native-9.1.0,original,mq_iteration_17,103.0,0.5885714285714285
elasticsearch-native-9.1.0,original,mq_iteration_18,102.0,0.5862068965517241
elasticsearch-native-9.1.0,original,mq_iteration_19,105.0,0.6
elasticsearch-native-9.1.0,original,mq_iteration_20,101.0,0.5941176470588235
elasticsearch-native-9.1.0,original,mq_iteration_21,106.0,0.6022727272727273
elasticsearch-native-9.1.0,original,mq_iteration_22,101.0,0.5838150289017341
elasticsearch-native-9.1.0,original,mq_iteration_23,97.0,0.5705882352941176
elasticsearch-native-9.1.0,original,mq_iteration_24,104.0,0.5977011494252874
elasticsearch-native-9.1.0,original,mq_iteration_25,108.0,0.6067415730337079
elasticsearch-native-9.1.0,original,mq_iteration_26,102.0,0.5828571428571429
elasticsearch-native-9.1.0,original,mq_iteration_27,102.0,0.5895953757225434
elasticsearch-native-9.1.0,original,mq_iteration_28,110.0,0.6179775280898876
elasticsearch-native-9.1.0,original,mq_iteration_29,101.0,0.5872093023255814
gson-2.10.1,original,hmd,259.0,0.5452631578947369
gson-2.10.1,original,crg_stddev_25,419.0,0.6456086286594761
gson-2.10.1,original,crg_stddev_50,229.0,0.5146067415730337
gson-2.10.1,original,crg_stddev_75,237.0,0.5254988913525499
gson-2.10.1,original,mq_iteration_0,317.0,0.5958646616541353
gson-2.10.1,original,mq_iteration_1,318.0,0.594392523364486
gson-2.10.1,original,mq_iteration_2,321.0,0.5966542750929368
gson-2.10.1,original,mq_iteration_3,309.0,0.5874524714828897
gson-2.10.1,original,mq_iteration_4,323.0,0.5959409594095941
gson-2.10.1,original,mq_iteration_5,313.0,0.590566037735849
gson-2.10.1,original,mq_iteration_6,321.0,0.5966542750929368
gson-2.10.1,original,mq_iteration_7,316.0,0.5939849624060151
gson-2.10.1,original,mq_iteration_8,315.0,0.5909943714821764
gson-2.10.1,original,mq_iteration_9,313.0,0.5861423220973783
gson-2.10.1,original,mq_iteration_10,317.0,0.590316573556797
gson-2.10.1,original,mq_iteration_11,279.0,0.5636363636363636
gson-2.10.1,original,mq_iteration_12,321.0,0.5955473098330241
gson-2.10.1,original,mq_iteration_13,316.0,0.5895522388059702
gson-2.10.1,original,mq_iteration_14,317.0,0.590316573556797
gson-2.10.1,original,mq_iteration_15,312.0,0.5875706214689266
gson-2.10.1,original,mq_iteration_16,318.0,0.5921787709497207
gson-2.10.1,original,mq_iteration_17,317.0,0.590316573556797
gson-2.10.1,original,mq_iteration_18,317.0,0.5925233644859813
gson-2.10.1,original,mq_iteration_19,316.0,0.5928705440900562
gson-2.10.1,original,mq_iteration_20,317.0,0.5958646616541353
gson-2.10.1,original,mq_iteration_21,323.0,0.5970425138632163
gson-2.10.1,original,mq_iteration_22,326.0,0.6003683241252302
gson-2.10.1,original,mq_iteration_23,318.0,0.5921787709497207
gson-2.10.1,original,mq_iteration_24,319.0,0.589648798521257
gson-2.10.1,original,mq_iteration_25,316.0,0.5917602996254682
gson-2.10.1,original,mq_iteration_26,326.0,0.5992647058823529
gson-2.10.1,original,mq_iteration_27,314.0,0.5946969696969697
gson-2.10.1,original,mq_iteration_28,313.0,0.5883458646616542
gson-2.10.1,original,mq_iteration_29,319.0,0.5918367346938775
javaGeom-0.11.3,original,hmd,206.0,0.5567567567567567
javaGeom-0.11.3,original,crg_stddev_25,181.0,0.523121387283237
javaGeom-0.11.3,original,crg_stddev_50,180.0,0.5172413793103449
javaGeom-0.11.3,original,crg_stddev_75,183.0,0.5198863636363636
javaGeom-0.11.3,original,mq_iteration_0,249.0,0.5971223021582733
javaGeom-0.11.3,original,mq_iteration_1,246.0,0.5899280575539568
javaGeom-0.11.3,original,mq_iteration_2,252.0,0.6057692307692307
javaGeom-0.11.3,original,mq_iteration_3,245.0,0.5975609756097561
javaGeom-0.11.3,original,mq_iteration_4,245.0,0.5917874396135265
javaGeom-0.11.3,original,mq_iteration_5,238.0,0.5819070904645477
javaGeom-0.11.3,original,mq_iteration_6,251.0,0.5976190476190476
javaGeom-0.11.3,original,mq_iteration_7,247.0,0.59375
javaGeom-0.11.3,original,mq_iteration_8,242.0,0.5916870415647921
javaGeom-0.11.3,original,mq_iteration_9,249.0,0.594272076372315
javaGeom-0.11.3,original,mq_iteration_10,248.0,0.5990338164251208
javaGeom-0.11.3,original,mq_iteration_11,243.0,0.5912408759124088
javaGeom-0.11.3,original,mq_iteration_12,241.0,0.589242053789731
javaGeom-0.11.3,original,mq_iteration_13,246.0,0.5913461538461539
javaGeom-0.11.3,original,mq_iteration_14,245.0,0.5946601941747572
javaGeom-0.11.3,original,mq_iteration_15,246.0,0.5942028985507246
javaGeom-0.11.3,original,mq_iteration_16,245.0,0.5932203389830508
javaGeom-0.11.3,original,mq_iteration_17,246.0,0.5970873786407767
javaGeom-0.11.3,original,mq_iteration_18,252.0,0.6028708133971292
javaGeom-0.11.3,original,mq_iteration_19,248.0,0.5961538461538461
javaGeom-0.11.3,original,mq_iteration_20,243.0,0.5955882352941176
javaGeom-0.11.3,original,mq_iteration_21,236.0,0.5841584158415841
javaGeom-0.11.3,original,mq_iteration_22,254.0,0.6076555023923444
javaGeom-0.11.3,original,mq_iteration_23,244.0,0.5893719806763285
javaGeom-0.11.3,original,mq_iteration_24,251.0,0.6004784688995215
javaGeom-0.11.3,original,mq_iteration_25,247.0,0.5951807228915663
javaGeom-0.11.3,original,mq_iteration_26,240.0,0.5896805896805897
javaGeom-0.11.3,original,mq_iteration_27,249.0,0.5985576923076923
javaGeom-0.11.3,original,mq_iteration_28,247.0,0.5951807228915663
javaGeom-0.11.3,original,mq_iteration_29,246.0,0.5942028985507246
javacc-7.0.14,original,hmd,210.0,0.5147058823529411
javacc-7.0.14,original,crg_stddev_25,201.0,0.5101522842639594
javacc-7.0.14,original,crg_stddev_50,199.0,0.5050761421319797
javacc-7.0.14,original,crg_stddev_75,208.0,0.5187032418952618
javacc-7.0.14,original,mq_iteration_0,275.0,0.5826271186440678
javacc-7.0.14,original,mq_iteration_1,289.0,0.5995850622406639
javacc-7.0.14,original,mq_iteration_2,279.0,0.5886075949367089
javacc-7.0.14,original,mq_iteration_3,278.0,0.5902335456475584
javacc-7.0.14,original,mq_iteration_4,255.0,0.5641592920353983
javacc-7.0.14,original,mq_iteration_5,278.0,0.587737843551797
javacc-7.0.14,original,mq_iteration_6,288.0,0.6
javacc-7.0.14,original,mq_iteration_7,255.0,0.5641592920353983
javacc-7.0.14,original,mq_iteration_8,290.0,0.5991735537190083
javacc-7.0.14,original,mq_iteration_9,255.0,0.5641592920353983
javacc-7.0.14,original,mq_iteration_10,281.0,0.5903361344537815
javacc-7.0.14,original,mq_iteration_11,284.0,0.592901878914405
javacc-7.0.14,original,mq_iteration_12,281.0,0.5903361344537815
javacc-7.0.14,original,mq_iteration_13,285.0,0.5949895615866388
javacc-7.0.14,original,mq_iteration_14,276.0,0.5822784810126582
javacc-7.0.14,original,mq_iteration_15,255.0,0.5641592920353983
javacc-7.0.14,original,mq_iteration_16,276.0,0.5847457627118644
javacc-7.0.14,original,mq_iteration_17,279.0,0.5886075949367089
javacc-7.0.14,original,mq_iteration_18,282.0,0.5862785862785863
javacc-7.0.14,original,mq_iteration_19,286.0,0.5945945945945946
javacc-7.0.14,original,mq_iteration_20,286.0,0.5970772442588727
javacc-7.0.14,original,mq_iteration_21,273.0,0.5858369098712446
javacc-7.0.14,original,mq_iteration_22,284.0,0.592901878914405
javacc-7.0.14,original,mq_iteration_23,280.0,0.5894736842105263
javacc-7.0.14,original,mq_iteration_24,267.0,0.577922077922078
javacc-7.0.14,original,mq_iteration_25,270.0,0.5806451612903226
javacc-7.0.14,original,mq_iteration_26,276.0,0.5872340425531914
javacc-7.0.14,original,mq_iteration_27,276.0,0.5822784810126582
javacc-7.0.14,original,mq_iteration_28,285.0,0.5949895615866388
javacc-7.0.14,original,mq_iteration_29,280.0,0.5919661733615222
jgit-http-6.8.0,original,hmd,92.0,0.5859872611464968
jgit-http-6.8.0,original,crg_stddev_25,77.0,0.5460992907801419
jgit-http-6.8.0,original,crg_stddev_50,80.0,0.5517241379310345
jgit-http-6.8.0,original,crg_stddev_75,81.0,0.5510204081632653
jgit-http-6.8.0,original,mq_iteration_0,100.0,0.6134969325153374
jgit-http-6.8.0,original,mq_iteration_1,97.0,0.5914634146341463
jgit-http-6.8.0,original,mq_iteration_2,94.0,0.5838509316770186
jgit-http-6.8.0,original,mq_iteration_3,99.0,0.6
jgit-http-6.8.0,original,mq_iteration_4,95.0,0.5900621118012422
jgit-http-6.8.0,original,mq_iteration_5,92.0,0.5786163522012578
jgit-http-6.8.0,original,mq_iteration_6,101.0,0.6121212121212121
jgit-http-6.8.0,original,mq_iteration_7,99.0,0.5963855421686747
jgit-http-6.8.0,original,mq_iteration_8,100.0,0.5988023952095808
jgit-http-6.8.0,original,mq_iteration_9,101.0,0.6121212121212121
jgit-http-6.8.0,original,mq_iteration_10,103.0,0.6094674556213018
jgit-http-6.8.0,original,mq_iteration_11,90.0,0.5590062111801242
jgit-http-6.8.0,original,mq_iteration_12,98.0,0.5975609756097561
jgit-http-6.8.0,original,mq_iteration_13,101.0,0.6158536585365854
jgit-http-6.8.0,original,mq_iteration_14,99.0,0.6
jgit-http-6.8.0,original,mq_iteration_15,98.0,0.6049382716049383
jgit-http-6.8.0,original,mq_iteration_16,97.0,0.5950920245398773
jgit-http-6.8.0,original,mq_iteration_17,102.0,0.6144578313253012
jgit-http-6.8.0,original,mq_iteration_18,102.0,0.6144578313253012
jgit-http-6.8.0,original,mq_iteration_19,98.0,0.6049382716049383
jgit-http-6.8.0,original,mq_iteration_20,101.0,0.608433734939759
jgit-http-6.8.0,original,mq_iteration_21,96.0,0.588957055214724
jgit-http-6.8.0,original,mq_iteration_22,103.0,0.6204819277108434
jgit-http-6.8.0,original,mq_iteration_23,101.0,0.608433734939759
jgit-http-6.8.0,original,mq_iteration_24,99.0,0.6073619631901841
jgit-http-6.8.0,original,mq_iteration_25,100.0,0.6060606060606061
jgit-http-6.8.0,original,mq_iteration_26,102.0,0.6071428571428571
jgit-http-6.8.0,original,mq_iteration_27,101.0,0.6158536585365854
jgit-http-6.8.0,original,mq_iteration_28,100.0,0.6134969325153374
jgit-http-6.8.0,original,mq_iteration_29,101.0,0.6158536585365854
jgit-lfs-6.8.0,original,hmd,51.0,0.5204081632653061
jgit-lfs-6.8.0,original,crg_stddev_25,46.0,0.4842105263157895
jgit-lfs-6.8.0,original,crg_stddev_50,52.0,0.5360824742268041
jgit-lfs-6.8.0,original,crg_stddev_75,55.0,0.5445544554455446
jgit-lfs-6.8.0,original,mq_iteration_0,63.0,0.5727272727272728
jgit-lfs-6.8.0,original,mq_iteration_1,69.0,0.6052631578947368
jgit-lfs-6.8.0,original,mq_iteration_2,68.0,0.6017699115044248
jgit-lfs-6.8.0,original,mq_iteration_3,64.0,0.5818181818181818
jgit-lfs-6.8.0,original,mq_iteration_4,68.0,0.5964912280701754
jgit-lfs-6.8.0,original,mq_iteration_5,65.0,0.5803571428571429
jgit-lfs-6.8.0,original,mq_iteration_6,68.0,0.5964912280701754
jgit-lfs-6.8.0,original,mq_iteration_7,71.0,0.6173913043478261
jgit-lfs-6.8.0,original,mq_iteration_8,70.0,0.6140350877192983
jgit-lfs-6.8.0,original,mq_iteration_9,67.0,0.6036036036036037
jgit-lfs-6.8.0,original,mq_iteration_10,70.0,0.6194690265486725
jgit-lfs-6.8.0,original,mq_iteration_11,68.0,0.6071428571428571
jgit-lfs-6.8.0,original,mq_iteration_12,67.0,0.6036036036036037
jgit-lfs-6.8.0,original,mq_iteration_13,68.0,0.5964912280701754
jgit-lfs-6.8.0,original,mq_iteration_14,69.0,0.6052631578947368
jgit-lfs-6.8.0,original,mq_iteration_15,67.0,0.5929203539823009
jgit-lfs-6.8.0,original,mq_iteration_16,68.0,0.6017699115044248
jgit-lfs-6.8.0,original,mq_iteration_17,66.0,0.5892857142857143
jgit-lfs-6.8.0,original,mq_iteration_18,68.0,0.6017699115044248
jgit-lfs-6.8.0,original,mq_iteration_19,69.0,0.6052631578947368
jgit-lfs-6.8.0,original,mq_iteration_20,64.0,0.5871559633027523
jgit-lfs-6.8.0,original,mq_iteration_21,69.0,0.6052631578947368
jgit-lfs-6.8.0,original,mq_iteration_22,64.0,0.5871559633027523
jgit-lfs-6.8.0,original,mq_iteration_23,63.0,0.5779816513761468
jgit-lfs-6.8.0,original,mq_iteration_24,66.0,0.6
jgit-lfs-6.8.0,original,mq_iteration_25,67.0,0.5877192982456141
jgit-lfs-6.8.0,original,mq_iteration_26,66.0,0.584070796460177
jgit-lfs-6.8.0,original,mq_iteration_27,68.0,0.6071428571428571
jgit-lfs-6.8.0,original,mq_iteration_28,68.0,0.5964912280701754
jgit-lfs-6.8.0,original,mq_iteration_29,68.0,0.6017699115044248
jgit-pgm-6.8.0,original,hmd,155.0,0.5535714285714286
jgit-pgm-6.8.0,original,crg_stddev_25,135.0,0.5212355212355212
jgit-pgm-6.8.0,original,crg_stddev_50,139.0,0.5245283018867924
jgit-pgm-6.8.0,original,crg_stddev_75,140.0,0.5243445692883895
jgit-pgm-6.8.0,original,mq_iteration_0,182.0,0.5870967741935483
jgit-pgm-6.8.0,original,mq_iteration_1,185.0,0.5910543130990416
jgit-pgm-6.8.0,original,mq_iteration_2,193.0,0.6088328075709779
jgit-pgm-6.8.0,original,mq_iteration_3,189.0,0.6019108280254777
jgit-pgm-6.8.0,original,mq_iteration_4,184.0,0.5878594249201278
jgit-pgm-6.8.0,original,mq_iteration_5,181.0,0.5876623376623377
jgit-pgm-6.8.0,original,mq_iteration_6,180.0,0.5863192182410424
jgit-pgm-6.8.0,original,mq_iteration_7,184.0,0.5916398713826366
jgit-pgm-6.8.0,original,mq_iteration_8,178.0,0.5855263157894737
jgit-pgm-6.8.0,original,mq_iteration_9,182.0,0.5889967637540453
jgit-pgm-6.8.0,original,mq_iteration_10,185.0,0.594855305466238
jgit-pgm-6.8.0,original,mq_iteration_11,189.0,0.6019108280254777
jgit-pgm-6.8.0,original,mq_iteration_12,182.0,0.5928338762214984
jgit-pgm-6.8.0,original,mq_iteration_13,180.0,0.5921052631578947
jgit-pgm-6.8.0,original,mq_iteration_14,176.0,0.5808580858085809
jgit-pgm-6.8.0,original,mq_iteration_15,156.0,0.5531914893617021
jgit-pgm-6.8.0,original,mq_iteration_16,186.0,0.5904761904761905
jgit-pgm-6.8.0,original,mq_iteration_17,183.0,0.5903225806451613
jgit-pgm-6.8.0,original,mq_iteration_18,178.0,0.5836065573770491
jgit-pgm-6.8.0,original,mq_iteration_19,185.0,0.5910543130990416
jgit-pgm-6.8.0,original,mq_iteration_20,192.0,0.6056782334384858
jgit-pgm-6.8.0,original,mq_iteration_21,185.0,0.594855305466238
jgit-pgm-6.8.0,original,mq_iteration_22,190.0,0.6012658227848101
jgit-pgm-6.8.0,original,mq_iteration_23,193.0,0.603125
jgit-pgm-6.8.0,original,mq_iteration_24,184.0,0.5878594249201278
jgit-pgm-6.8.0,original,mq_iteration_25,186.0,0.5980707395498392
jgit-pgm-6.8.0,original,mq_iteration_26,179.0,0.5868852459016394
jgit-pgm-6.8.0,original,mq_iteration_27,190.0,0.6050955414012739
jgit-pgm-6.8.0,original,mq_iteration_28,179.0,0.5849673202614379
jgit-pgm-6.8.0,original,mq_iteration_29,190.0,0.6070287539936102
jgit-ssh-6.8.0,original,hmd,138.0,0.5726141078838174
jgit-ssh-6.8.0,original,crg_stddev_25,209.0,0.6763754045307443
jgit-ssh-6.8.0,original,crg_stddev_50,120.0,0.5405405405405406
jgit-ssh-6.8.0,original,crg_stddev_75,122.0,0.5446428571428571
jgit-ssh-6.8.0,original,mq_iteration_0,161.0,0.6098484848484849
jgit-ssh-6.8.0,original,mq_iteration_1,159.0,0.6
jgit-ssh-6.8.0,original,mq_iteration_2,165.0,0.6226415094339622
jgit-ssh-6.8.0,original,mq_iteration_3,157.0,0.5992366412213741
jgit-ssh-6.8.0,original,mq_iteration_4,161.0,0.6007462686567164
jgit-ssh-6.8.0,original,mq_iteration_5,162.0,0.6136363636363636
jgit-ssh-6.8.0,original,mq_iteration_6,158.0,0.6007604562737643
jgit-ssh-6.8.0,original,mq_iteration_7,166.0,0.6171003717472119
jgit-ssh-6.8.0,original,mq_iteration_8,158.0,0.6007604562737643
jgit-ssh-6.8.0,original,mq_iteration_9,158.0,0.6007604562737643
jgit-ssh-6.8.0,original,mq_iteration_10,158.0,0.61003861003861
jgit-ssh-6.8.0,original,mq_iteration_11,161.0,0.6075471698113207
jgit-ssh-6.8.0,original,mq_iteration_12,161.0,0.6075471698113207
jgit-ssh-6.8.0,original,mq_iteration_13,161.0,0.6145038167938931
jgit-ssh-6.8.0,original,mq_iteration_14,162.0,0.6113207547169811
jgit-ssh-6.8.0,original,mq_iteration_15,163.0,0.6127819548872181
jgit-ssh-6.8.0,original,mq_iteration_16,165.0,0.6156716417910447
jgit-ssh-6.8.0,original,mq_iteration_17,161.0,0.6075471698113207
jgit-ssh-6.8.0,original,mq_iteration_18,159.0,0.6091954022988506
jgit-ssh-6.8.0,original,mq_iteration_19,169.0,0.6259259259259259
jgit-ssh-6.8.0,original,mq_iteration_20,162.0,0.6113207547169811
jgit-ssh-6.8.0,original,mq_iteration_21,161.0,0.6098484848484849
jgit-ssh-6.8.0,original,mq_iteration_22,157.0,0.6015325670498084
jgit-ssh-6.8.0,original,mq_iteration_23,162.0,0.6136363636363636
jgit-ssh-6.8.0,original,mq_iteration_24,162.0,0.6136363636363636
jgit-ssh-6.8.0,original,mq_iteration_25,162.0,0.6113207547169811
jgit-ssh-6.8.0,original,mq_iteration_26,159.0,0.6045627376425855
jgit-ssh-6.8.0,original,mq_iteration_27,158.0,0.6076923076923076
jgit-ssh-6.8.0,original,mq_iteration_28,162.0,0.6067415730337079
jgit-ssh-6.8.0,original,mq_iteration_29,161.0,0.6121673003802282
jmetal-auto-6.2.2,original,hmd,89.0,0.5460122699386503
jmetal-auto-6.2.2,original,crg_stddev_25,142.0,0.6454545454545455
jmetal-auto-6.2.2,original,crg_stddev_50,84.0,0.5283018867924528
jmetal-auto-6.2.2,original,crg_stddev_75,87.0,0.54375
jmetal-auto-6.2.2,original,mq_iteration_0,112.0,0.6120218579234973
jmetal-auto-6.2.2,original,mq_iteration_1,117.0,0.612565445026178
jmetal-auto-6.2.2,original,mq_iteration_2,116.0,0.6170212765957447
jmetal-auto-6.2.2,original,mq_iteration_3,109.0,0.5989010989010989
jmetal-auto-6.2.2,original,mq_iteration_4,114.0,0.6162162162162163
jmetal-auto-6.2.2,original,mq_iteration_5,103.0,0.5852272727272727
jmetal-auto-6.2.2,original,mq_iteration_6,108.0,0.6
jmetal-auto-6.2.2,original,mq_iteration_7,111.0,0.6032608695652174
jmetal-auto-6.2.2,original,mq_iteration_8,103.0,0.5819209039548022
jmetal-auto-6.2.2,original,mq_iteration_9,112.0,0.6021505376344086
jmetal-auto-6.2.2,original,mq_iteration_10,104.0,0.5810055865921788
jmetal-auto-6.2.2,original,mq_iteration_11,110.0,0.5978260869565217
jmetal-auto-6.2.2,original,mq_iteration_12,109.0,0.5956284153005464
jmetal-auto-6.2.2,original,mq_iteration_13,109.0,0.5956284153005464
jmetal-auto-6.2.2,original,mq_iteration_14,104.0,0.5777777777777777
jmetal-auto-6.2.2,original,mq_iteration_15,106.0,0.5955056179775281
jmetal-auto-6.2.2,original,mq_iteration_16,107.0,0.5846994535519126
jmetal-auto-6.2.2,original,mq_iteration_17,105.0,0.5898876404494382
jmetal-auto-6.2.2,original,mq_iteration_18,112.0,0.6054054054054054
jmetal-auto-6.2.2,original,mq_iteration_19,113.0,0.6075268817204301
jmetal-auto-6.2.2,original,mq_iteration_20,102.0,0.5730337078651685
jmetal-auto-6.2.2,original,mq_iteration_21,116.0,0.6105263157894737
jmetal-auto-6.2.2,original,mq_iteration_22,114.0,0.6129032258064516
jmetal-auto-6.2.2,original,mq_iteration_23,115.0,0.6182795698924731
jmetal-auto-6.2.2,original,mq_iteration_24,108.0,0.5934065934065934
jmetal-auto-6.2.2,original,mq_iteration_25,111.0,0.6065573770491803
jmetal-auto-6.2.2,original,mq_iteration_26,116.0,0.6170212765957447
jmetal-auto-6.2.2,original,mq_iteration_27,95.0,0.5491329479768786
jmetal-auto-6.2.2,original,mq_iteration_28,110.0,0.5978260869565217
jmetal-auto-6.2.2,original,mq_iteration_29,112.0,0.6120218579234973
jmetal-component-6.2.2,original,hmd,211.0,0.6045845272206304
jmetal-component-6.2.2,original,crg_stddev_25,306.0,0.6769911504424779
jmetal-component-6.2.2,original,crg_stddev_50,197.0,0.595166163141994
jmetal-component-6.2.2,original,crg_stddev_75,197.0,0.5880597014925373
jmetal-component-6.2.2,original,mq_iteration_0,234.0,0.6141732283464567
jmetal-component-6.2.2,original,mq_iteration_1,236.0,0.6161879895561357
jmetal-component-6.2.2,original,mq_iteration_2,201.0,0.5646067415730337
jmetal-component-6.2.2,original,mq_iteration_3,230.0,0.6052631578947368
jmetal-component-6.2.2,original,mq_iteration_4,234.0,0.612565445026178
jmetal-component-6.2.2,original,mq_iteration_5,233.0,0.6099476439790575
jmetal-component-6.2.2,original,mq_iteration_6,226.0,0.6075268817204301
jmetal-component-6.2.2,original,mq_iteration_7,203.0,0.5702247191011236
jmetal-component-6.2.2,original,mq_iteration_8,230.0,0.6052631578947368
jmetal-component-6.2.2,original,mq_iteration_9,202.0,0.5674157303370787
jmetal-component-6.2.2,original,mq_iteration_10,233.0,0.6196808510638298
jmetal-component-6.2.2,original,mq_iteration_11,244.0,0.6304909560723514
jmetal-component-6.2.2,original,mq_iteration_12,203.0,0.5702247191011236
jmetal-component-6.2.2,original,mq_iteration_13,228.0,0.5968586387434555
jmetal-component-6.2.2,original,mq_iteration_14,240.0,0.6233766233766234
jmetal-component-6.2.2,original,mq_iteration_15,235.0,0.6151832460732984
jmetal-component-6.2.2,original,mq_iteration_16,239.0,0.6175710594315246
jmetal-component-6.2.2,original,mq_iteration_17,227.0,0.6102150537634409
jmetal-component-6.2.2,original,mq_iteration_18,225.0,0.596816976127321
jmetal-component-6.2.2,original,mq_iteration_19,233.0,0.608355091383812
jmetal-component-6.2.2,original,mq_iteration_20,228.0,0.6031746031746031
jmetal-component-6.2.2,original,mq_iteration_21,236.0,0.6161879895561357
jmetal-component-6.2.2,original,mq_iteration_22,202.0,0.5674157303370787
jmetal-component-6.2.2,original,mq_iteration_23,230.0,0.6117021276595744
jmetal-component-6.2.2,original,mq_iteration_24,233.0,0.6131578947368421
jmetal-component-6.2.2,original,mq_iteration_25,235.0,0.6103896103896104
jmetal-component-6.2.2,original,mq_iteration_26,235.0,0.6151832460732984
jmetal-component-6.2.2,original,mq_iteration_27,232.0,0.6121372031662269
jmetal-component-6.2.2,original,mq_iteration_28,203.0,0.5702247191011236
jmetal-component-6.2.2,original,mq_iteration_29,230.0,0.6068601583113457
jmetal-lab-6.2.2,original,hmd,83.0,0.5763888888888888
jmetal-lab-6.2.2,original,crg_stddev_25,78.0,0.5777777777777777
jmetal-lab-6.2.2,original,crg_stddev_50,75.0,0.5681818181818182
jmetal-lab-6.2.2,original,crg_stddev_75,74.0,0.5481481481481482
jmetal-lab-6.2.2,original,mq_iteration_0,96.0,0.6153846153846154
jmetal-lab-6.2.2,original,mq_iteration_1,96.0,0.6193548387096774
jmetal-lab-6.2.2,original,mq_iteration_2,88.0,0.5866666666666667
jmetal-lab-6.2.2,original,mq_iteration_3,92.0,0.6052631578947368
jmetal-lab-6.2.2,original,mq_iteration_4,87.0,0.6041666666666666
jmetal-lab-6.2.2,original,mq_iteration_5,94.0,0.618421052631579
jmetal-lab-6.2.2,original,mq_iteration_6,98.0,0.632258064516129
jmetal-lab-6.2.2,original,mq_iteration_7,96.0,0.6193548387096774
jmetal-lab-6.2.2,original,mq_iteration_8,95.0,0.6209150326797386
jmetal-lab-6.2.2,original,mq_iteration_9,96.0,0.6233766233766234
jmetal-lab-6.2.2,original,mq_iteration_10,98.0,0.6282051282051282
jmetal-lab-6.2.2,original,mq_iteration_11,99.0,0.6346153846153846
jmetal-lab-6.2.2,original,mq_iteration_12,98.0,0.632258064516129
jmetal-lab-6.2.2,original,mq_iteration_13,95.0,0.625
jmetal-lab-6.2.2,original,mq_iteration_14,93.0,0.6158940397350994
jmetal-lab-6.2.2,original,mq_iteration_15,97.0,0.6217948717948718
jmetal-lab-6.2.2,original,mq_iteration_16,96.0,0.6153846153846154
jmetal-lab-6.2.2,original,mq_iteration_17,95.0,0.625
jmetal-lab-6.2.2,original,mq_iteration_18,93.0,0.6118421052631579
jmetal-lab-6.2.2,original,mq_iteration_19,90.0,0.6
jmetal-lab-6.2.2,original,mq_iteration_20,94.0,0.618421052631579
jmetal-lab-6.2.2,original,mq_iteration_21,95.0,0.625
jmetal-lab-6.2.2,original,mq_iteration_22,94.0,0.6143790849673203
jmetal-lab-6.2.2,original,mq_iteration_23,92.0,0.6013071895424836
jmetal-lab-6.2.2,original,mq_iteration_24,95.0,0.6209150326797386
jmetal-lab-6.2.2,original,mq_iteration_25,95.0,0.6089743589743589
jmetal-lab-6.2.2,original,mq_iteration_26,91.0,0.6066666666666667
jmetal-lab-6.2.2,original,mq_iteration_27,95.0,0.6209150326797386
jmetal-lab-6.2.2,original,mq_iteration_28,99.0,0.6305732484076433
jmetal-lab-6.2.2,original,mq_iteration_29,90.0,0.6081081081081081
joda-money-2.0.3,original,hmd,38.0,0.5588235294117647
joda-money-2.0.3,original,crg_stddev_25,34.0,0.5074626865671642
joda-money-2.0.3,original,crg_stddev_50,34.0,0.5074626865671642
joda-money-2.0.3,original,crg_stddev_75,36.0,0.5294117647058824
joda-money-2.0.3,original,mq_iteration_0,40.0,0.5555555555555556
joda-money-2.0.3,original,mq_iteration_1,41.0,0.5616438356164384
joda-money-2.0.3,original,mq_iteration_2,44.0,0.5866666666666667
joda-money-2.0.3,original,mq_iteration_3,44.0,0.5866666666666667
joda-money-2.0.3,original,mq_iteration_4,44.0,0.5789473684210527
joda-money-2.0.3,original,mq_iteration_5,43.0,0.5733333333333334
joda-money-2.0.3,original,mq_iteration_6,38.0,0.5277777777777778
joda-money-2.0.3,original,mq_iteration_7,48.0,0.6075949367088608
joda-money-2.0.3,original,mq_iteration_8,44.0,0.5789473684210527
joda-money-2.0.3,original,mq_iteration_9,42.0,0.5675675675675675
joda-money-2.0.3,original,mq_iteration_10,48.0,0.6153846153846154
joda-money-2.0.3,original,mq_iteration_11,39.0,0.5416666666666666
joda-money-2.0.3,original,mq_iteration_12,45.0,0.6
joda-money-2.0.3,original,mq_iteration_13,42.0,0.5675675675675675
joda-money-2.0.3,original,mq_iteration_14,47.0,0.6025641025641025
joda-money-2.0.3,original,mq_iteration_15,46.0,0.5974025974025974
joda-money-2.0.3,original,mq_iteration_16,45.0,0.6
joda-money-2.0.3,original,mq_iteration_17,44.0,0.5789473684210527
joda-money-2.0.3,original,mq_iteration_18,41.0,0.5540540540540541
joda-money-2.0.3,original,mq_iteration_19,43.0,0.581081081081081
joda-money-2.0.3,original,mq_iteration_20,41.0,0.5466666666666666
joda-money-2.0.3,original,mq_iteration_21,44.0,0.5866666666666667
joda-money-2.0.3,original,mq_iteration_22,45.0,0.5844155844155844
joda-money-2.0.3,original,mq_iteration_23,44.0,0.5714285714285714
joda-money-2.0.3,original,mq_iteration_24,43.0,0.581081081081081
joda-money-2.0.3,original,mq_iteration_25,44.0,0.5789473684210527
joda-money-2.0.3,original,mq_iteration_26,41.0,0.5394736842105263
joda-money-2.0.3,original,mq_iteration_27,48.0,0.6153846153846154
joda-money-2.0.3,original,mq_iteration_28,46.0,0.5897435897435898
joda-money-2.0.3,original,mq_iteration_29,44.0,0.5789473684210527
joda-money-marlon,original,hmd,32.0,0.5
joda-money-marlon,original,crg_stddev_25,30.0,0.46875
joda-money-marlon,original,crg_stddev_50,35.0,0.546875
joda-money-marlon,original,crg_stddev_75,35.0,0.546875
joda-money-marlon,original,mq_iteration_0,37.0,0.5211267605633803
joda-money-marlon,original,mq_iteration_1,40.0,0.5714285714285714
joda-money-marlon,original,mq_iteration_2,41.0,0.5942028985507246
joda-money-marlon,original,mq_iteration_3,43.0,0.5972222222222222
joda-money-marlon,original,mq_iteration_4,38.0,0.5428571428571428
joda-money-marlon,original,mq_iteration_5,41.0,0.5774647887323944
joda-money-marlon,original,mq_iteration_6,39.0,0.5652173913043478
joda-money-marlon,original,mq_iteration_7,40.0,0.547945205479452
joda-money-marlon,original,mq_iteration_8,42.0,0.5753424657534246
joda-money-marlon,original,mq_iteration_9,38.0,0.5428571428571428
joda-money-marlon,original,mq_iteration_10,46.0,0.6216216216216216
joda-money-marlon,original,mq_iteration_11,35.0,0.5223880597014925
joda-money-marlon,original,mq_iteration_12,42.0,0.6
joda-money-marlon,original,mq_iteration_13,35.0,0.5223880597014925
joda-money-marlon,original,mq_iteration_14,41.0,0.5857142857142857
joda-money-marlon,original,mq_iteration_15,40.0,0.5714285714285714
joda-money-marlon,original,mq_iteration_16,40.0,0.5714285714285714
joda-money-marlon,original,mq_iteration_17,41.0,0.5857142857142857
joda-money-marlon,original,mq_iteration_18,41.0,0.5774647887323944
joda-money-marlon,original,mq_iteration_19,42.0,0.6
joda-money-marlon,original,mq_iteration_20,41.0,0.5857142857142857
joda-money-marlon,original,mq_iteration_21,41.0,0.5694444444444444
joda-money-marlon,original,mq_iteration_22,36.0,0.5070422535211268
joda-money-marlon,original,mq_iteration_23,35.0,0.5147058823529411
joda-money-marlon,original,mq_iteration_24,38.0,0.5428571428571428
joda-money-marlon,original,mq_iteration_25,43.0,0.589041095890411
joda-money-marlon,original,mq_iteration_26,45.0,0.6164383561643836
joda-money-marlon,original,mq_iteration_27,42.0,0.5753424657534246
joda-money-marlon,original,mq_iteration_28,37.0,0.5441176470588235
joda-money-marlon,original,mq_iteration_29,40.0,0.5714285714285714
junit-jupiter-engine-5.10.1,original,hmd,180.0,0.5732484076433121
junit-jupiter-engine-5.10.1,original,crg_stddev_25,145.0,0.5234657039711191
junit-jupiter-engine-5.10.1,original,crg_stddev_50,145.0,0.5197132616487455
junit-jupiter-engine-5.10.1,original,crg_stddev_75,152.0,0.5352112676056338
junit-jupiter-engine-5.10.1,original,mq_iteration_0,206.0,0.6076696165191741
junit-jupiter-engine-5.10.1,original,mq_iteration_1,201.0,0.5982142857142857
junit-jupiter-engine-5.10.1,original,mq_iteration_2,208.0,0.6064139941690962
junit-jupiter-engine-5.10.1,original,mq_iteration_3,210.0,0.6122448979591837
junit-jupiter-engine-5.10.1,original,mq_iteration_4,208.0,0.6099706744868035
junit-jupiter-engine-5.10.1,original,mq_iteration_5,204.0,0.6017699115044248
junit-jupiter-engine-5.10.1,original,mq_iteration_6,210.0,0.6158357771260997
junit-jupiter-engine-5.10.1,original,mq_iteration_7,207.0,0.6034985422740525
junit-jupiter-engine-5.10.1,original,mq_iteration_8,211.0,0.6151603498542274
junit-jupiter-engine-5.10.1,original,mq_iteration_9,205.0,0.6047197640117994
junit-jupiter-engine-5.10.1,original,mq_iteration_10,211.0,0.6151603498542274
junit-jupiter-engine-5.10.1,original,mq_iteration_11,204.0,0.6
junit-jupiter-engine-5.10.1,original,mq_iteration_12,205.0,0.6029411764705882
junit-jupiter-engine-5.10.1,original,mq_iteration_13,210.0,0.6140350877192983
junit-jupiter-engine-5.10.1,original,mq_iteration_14,205.0,0.606508875739645
junit-jupiter-engine-5.10.1,original,mq_iteration_15,202.0,0.599406528189911
junit-jupiter-engine-5.10.1,original,mq_iteration_16,212.0,0.6162790697674418
junit-jupiter-engine-5.10.1,original,mq_iteration_17,212.0,0.6144927536231884
junit-jupiter-engine-5.10.1,original,mq_iteration_18,209.0,0.6057971014492753
junit-jupiter-engine-5.10.1,original,mq_iteration_19,205.0,0.6029411764705882
junit-jupiter-engine-5.10.1,original,mq_iteration_20,213.0,0.615606936416185
junit-jupiter-engine-5.10.1,original,mq_iteration_21,205.0,0.6047197640117994
junit-jupiter-engine-5.10.1,original,mq_iteration_22,204.0,0.6
junit-jupiter-engine-5.10.1,original,mq_iteration_23,212.0,0.6127167630057804
junit-jupiter-engine-5.10.1,original,mq_iteration_24,207.0,0.6070381231671554
junit-jupiter-engine-5.10.1,original,mq_iteration_25,208.0,0.6028985507246377
junit-jupiter-engine-5.10.1,original,mq_iteration_26,215.0,0.6213872832369942
junit-jupiter-engine-5.10.1,original,mq_iteration_27,206.0,0.6058823529411764
junit-jupiter-engine-5.10.1,original,mq_iteration_28,206.0,0.6094674556213018
junit-jupiter-engine-5.10.1,original,mq_iteration_29,206.0,0.6023391812865497
junit-platform-engine-1.10.1,original,hmd,173.0,0.5372670807453416
junit-platform-engine-1.10.1,original,crg_stddev_25,150.0,0.5136986301369864
junit-platform-engine-1.10.1,original,crg_stddev_50,155.0,0.5290102389078498
junit-platform-engine-1.10.1,original,crg_stddev_75,158.0,0.531986531986532
junit-platform-engine-1.10.1,original,mq_iteration_0,217.0,0.6078431372549019
junit-platform-engine-1.10.1,original,mq_iteration_1,224.0,0.6136986301369863
junit-platform-engine-1.10.1,original,mq_iteration_2,218.0,0.6072423398328691
junit-platform-engine-1.10.1,original,mq_iteration_3,217.0,0.6078431372549019
junit-platform-engine-1.10.1,original,mq_iteration_4,209.0,0.59375
junit-platform-engine-1.10.1,original,mq_iteration_5,220.0,0.6094182825484764
junit-platform-engine-1.10.1,original,mq_iteration_6,217.0,0.6061452513966481
junit-platform-engine-1.10.1,original,mq_iteration_7,219.0,0.6083333333333333
junit-platform-engine-1.10.1,original,mq_iteration_8,221.0,0.6155988857938719
junit-platform-engine-1.10.1,original,mq_iteration_9,216.0,0.6050420168067226
junit-platform-engine-1.10.1,original,mq_iteration_10,219.0,0.6100278551532033
junit-platform-engine-1.10.1,original,mq_iteration_11,210.0,0.5965909090909091
junit-platform-engine-1.10.1,original,mq_iteration_12,213.0,0.6016949152542372
junit-platform-engine-1.10.1,original,mq_iteration_13,222.0,0.6149584487534626
junit-platform-engine-1.10.1,original,mq_iteration_14,211.0,0.5943661971830986
junit-platform-engine-1.10.1,original,mq_iteration_15,215.0,0.6039325842696629
junit-platform-engine-1.10.1,original,mq_iteration_16,213.0,0.6016949152542372
junit-platform-engine-1.10.1,original,mq_iteration_17,211.0,0.6028571428571429
junit-platform-engine-1.10.1,original,mq_iteration_18,212.0,0.6022727272727273
junit-platform-engine-1.10.1,original,mq_iteration_19,211.0,0.5977337110481586
junit-platform-engine-1.10.1,original,mq_iteration_20,206.0,0.5868945868945868
junit-platform-engine-1.10.1,original,mq_iteration_21,196.0,0.5885885885885885
junit-platform-engine-1.10.1,original,mq_iteration_22,218.0,0.6055555555555555
junit-platform-engine-1.10.1,original,mq_iteration_23,213.0,0.603399433427762
junit-platform-engine-1.10.1,original,mq_iteration_24,215.0,0.6073446327683616
junit-platform-engine-1.10.1,original,mq_iteration_25,211.0,0.6011396011396012
junit-platform-engine-1.10.1,original,mq_iteration_26,196.0,0.5885885885885885
junit-platform-engine-1.10.1,original,mq_iteration_27,216.0,0.6033519553072626
junit-platform-engine-1.10.1,original,mq_iteration_28,215.0,0.6022408963585434
junit-platform-engine-1.10.1,original,mq_iteration_29,206.0,0.5868945868945868
junit-platform-launcher-1.10.1,original,hmd,155.0,0.5656934306569343
junit-platform-launcher-1.10.1,original,crg_stddev_25,129.0,0.516
junit-platform-launcher-1.10.1,original,crg_stddev_50,132.0,0.5217391304347826
junit-platform-launcher-1.10.1,original,crg_stddev_75,133.0,0.5236220472440944
junit-platform-launcher-1.10.1,original,mq_iteration_0,175.0,0.5912162162162162
junit-platform-launcher-1.10.1,original,mq_iteration_1,183.0,0.6059602649006622
junit-platform-launcher-1.10.1,original,mq_iteration_2,191.0,0.6181229773462783
junit-platform-launcher-1.10.1,original,mq_iteration_3,181.0,0.6053511705685619
junit-platform-launcher-1.10.1,original,mq_iteration_4,183.0,0.6019736842105263
junit-platform-launcher-1.10.1,original,mq_iteration_5,183.0,0.6019736842105263
junit-platform-launcher-1.10.1,original,mq_iteration_6,175.0,0.5833333333333334
junit-platform-launcher-1.10.1,original,mq_iteration_7,180.0,0.6
junit-platform-launcher-1.10.1,original,mq_iteration_8,179.0,0.6006711409395973
junit-platform-launcher-1.10.1,original,mq_iteration_9,160.0,0.5653710247349824
junit-platform-launcher-1.10.1,original,mq_iteration_10,180.0,0.6
junit-platform-launcher-1.10.1,original,mq_iteration_11,186.0,0.6118421052631579
junit-platform-launcher-1.10.1,original,mq_iteration_12,183.0,0.6079734219269103
junit-platform-launcher-1.10.1,original,mq_iteration_13,175.0,0.5892255892255892
junit-platform-launcher-1.10.1,original,mq_iteration_14,187.0,0.6151315789473685
junit-platform-launcher-1.10.1,original,mq_iteration_15,182.0,0.6026490066225165
junit-platform-launcher-1.10.1,original,mq_iteration_16,181.0,0.5973597359735974
junit-platform-launcher-1.10.1,original,mq_iteration_17,181.0,0.6013289036544851
junit-platform-launcher-1.10.1,original,mq_iteration_18,187.0,0.6131147540983607
junit-platform-launcher-1.10.1,original,mq_iteration_19,183.0,0.6059602649006622
junit-platform-launcher-1.10.1,original,mq_iteration_20,183.0,0.6079734219269103
junit-platform-launcher-1.10.1,original,mq_iteration_21,187.0,0.6111111111111112
junit-platform-launcher-1.10.1,original,mq_iteration_22,181.0,0.5993377483443708
junit-platform-launcher-1.10.1,original,mq_iteration_23,178.0,0.5993265993265994
junit-platform-launcher-1.10.1,original,mq_iteration_24,178.0,0.5894039735099338
junit-platform-launcher-1.10.1,original,mq_iteration_25,185.0,0.6085526315789473
junit-platform-launcher-1.10.1,original,mq_iteration_26,176.0,0.5906040268456376
junit-platform-launcher-1.10.1,original,mq_iteration_27,182.0,0.5986842105263158
junit-platform-launcher-1.10.1,original,mq_iteration_28,184.0,0.6072607260726073
junit-platform-launcher-1.10.1,original,mq_iteration_29,183.0,0.6
log4j-api-2.21.1,original,hmd,238.0,0.5613207547169812
log4j-api-2.21.1,original,crg_stddev_25,195.0,0.5131578947368421
log4j-api-2.21.1,original,crg_stddev_50,195.0,0.5104712041884817
log4j-api-2.21.1,original,crg_stddev_75,203.0,0.524547803617571
log4j-api-2.21.1,original,mq_iteration_0,285.0,0.6050955414012739
log4j-api-2.21.1,original,mq_iteration_1,291.0,0.6126315789473684
log4j-api-2.21.1,original,mq_iteration_2,282.0,0.6025641025641025
log4j-api-2.21.1,original,mq_iteration_3,287.0,0.6067653276955602
log4j-api-2.21.1,original,mq_iteration_4,287.0,0.6054852320675106
log4j-api-2.21.1,original,mq_iteration_5,282.0,0.6025641025641025
log4j-api-2.21.1,original,mq_iteration_6,283.0,0.6021276595744681
log4j-api-2.21.1,original,mq_iteration_7,285.0,0.6063829787234043
log4j-api-2.21.1,original,mq_iteration_8,274.0,0.5956521739130435
log4j-api-2.21.1,original,mq_iteration_9,278.0,0.5952890792291221
log4j-api-2.21.1,original,mq_iteration_10,283.0,0.5995762711864406
log4j-api-2.21.1,original,mq_iteration_11,282.0,0.6038543897216274
log4j-api-2.21.1,original,mq_iteration_12,284.0,0.6016949152542372
log4j-api-2.21.1,original,mq_iteration_13,285.0,0.6025369978858351
log4j-api-2.21.1,original,mq_iteration_14,281.0,0.6043010752688172
log4j-api-2.21.1,original,mq_iteration_15,294.0,0.6137787056367432
log4j-api-2.21.1,original,mq_iteration_16,282.0,0.6051502145922747
log4j-api-2.21.1,original,mq_iteration_17,272.0,0.5925925925925926
log4j-api-2.21.1,original,mq_iteration_18,283.0,0.6047008547008547
log4j-api-2.21.1,original,mq_iteration_19,280.0,0.6008583690987125
log4j-api-2.21.1,original,mq_iteration_20,283.0,0.6059957173447538
log4j-api-2.21.1,original,mq_iteration_21,284.0,0.6042553191489362
log4j-api-2.21.1,original,mq_iteration_22,283.0,0.603411513859275
log4j-api-2.21.1,original,mq_iteration_23,280.0,0.5982905982905983
log4j-api-2.21.1,original,mq_iteration_24,287.0,0.6054852320675106
log4j-api-2.21.1,original,mq_iteration_25,285.0,0.6050955414012739
log4j-api-2.21.1,original,mq_iteration_26,283.0,0.603411513859275
log4j-api-2.21.1,original,mq_iteration_27,281.0,0.5953389830508474
log4j-api-2.21.1,original,mq_iteration_28,283.0,0.6021276595744681
log4j-api-2.21.1,original,mq_iteration_29,281.0,0.597872340425532
log4j-iostreams-2.21.1,original,hmd,44.0,0.6027397260273972
log4j-iostreams-2.21.1,original,crg_stddev_25,38.0,0.5671641791044776
log4j-iostreams-2.21.1,original,crg_stddev_50,34.0,0.53125
log4j-iostreams-2.21.1,original,crg_stddev_75,36.0,0.5625
log4j-iostreams-2.21.1,original,mq_iteration_0,47.0,0.6103896103896104
log4j-iostreams-2.21.1,original,mq_iteration_1,47.0,0.6103896103896104
log4j-iostreams-2.21.1,original,mq_iteration_2,44.0,0.6027397260273972
log4j-iostreams-2.21.1,original,mq_iteration_3,45.0,0.6
log4j-iostreams-2.21.1,original,mq_iteration_4,45.0,0.5921052631578947
log4j-iostreams-2.21.1,original,mq_iteration_5,45.0,0.6
log4j-iostreams-2.21.1,original,mq_iteration_6,42.0,0.5753424657534246
log4j-iostreams-2.21.1,original,mq_iteration_7,45.0,0.6
log4j-iostreams-2.21.1,original,mq_iteration_8,44.0,0.5945945945945946
log4j-iostreams-2.21.1,original,mq_iteration_9,45.0,0.6
log4j-iostreams-2.21.1,original,mq_iteration_10,46.0,0.6133333333333333
log4j-iostreams-2.21.1,original,mq_iteration_11,46.0,0.6052631578947368
log4j-iostreams-2.21.1,original,mq_iteration_12,43.0,0.5972222222222222
log4j-iostreams-2.21.1,original,mq_iteration_13,43.0,0.589041095890411
log4j-iostreams-2.21.1,original,mq_iteration_14,43.0,0.581081081081081
log4j-iostreams-2.21.1,original,mq_iteration_15,40.0,0.5555555555555556
log4j-iostreams-2.21.1,original,mq_iteration_16,48.0,0.631578947368421
log4j-iostreams-2.21.1,original,mq_iteration_17,45.0,0.6164383561643836
log4j-iostreams-2.21.1,original,mq_iteration_18,45.0,0.6
log4j-iostreams-2.21.1,original,mq_iteration_19,47.0,0.618421052631579
log4j-iostreams-2.21.1,original,mq_iteration_20,43.0,0.581081081081081
log4j-iostreams-2.21.1,original,mq_iteration_21,46.0,0.6052631578947368
log4j-iostreams-2.21.1,original,mq_iteration_22,45.0,0.6081081081081081
log4j-iostreams-2.21.1,original,mq_iteration_23,47.0,0.6266666666666667
log4j-iostreams-2.21.1,original,mq_iteration_24,45.0,0.6
log4j-iostreams-2.21.1,original,mq_iteration_25,43.0,0.5657894736842105
log4j-iostreams-2.21.1,original,mq_iteration_26,42.0,0.5753424657534246
log4j-iostreams-2.21.1,original,mq_iteration_27,44.0,0.5945945945945946
log4j-iostreams-2.21.1,original,mq_iteration_28,45.0,0.6164383561643836
log4j-iostreams-2.21.1,original,mq_iteration_29,47.0,0.6266666666666667
log4j-jpa-2.21.1,original,hmd,40.0,0.6060606060606061
log4j-jpa-2.21.1,original,crg_stddev_25,35.0,0.5384615384615384
log4j-jpa-2.21.1,original,crg_stddev_50,35.0,0.546875
log4j-jpa-2.21.1,original,crg_stddev_75,35.0,0.5384615384615384
log4j-jpa-2.21.1,original,mq_iteration_0,43.0,0.6323529411764706
log4j-jpa-2.21.1,original,mq_iteration_1,43.0,0.589041095890411
log4j-jpa-2.21.1,original,mq_iteration_2,39.0,0.5652173913043478
log4j-jpa-2.21.1,original,mq_iteration_3,43.0,0.6056338028169014
log4j-jpa-2.21.1,original,mq_iteration_4,46.0,0.647887323943662
log4j-jpa-2.21.1,original,mq_iteration_5,42.0,0.6086956521739131
log4j-jpa-2.21.1,original,mq_iteration_6,44.0,0.6197183098591549
log4j-jpa-2.21.1,original,mq_iteration_7,40.0,0.5797101449275363
log4j-jpa-2.21.1,original,mq_iteration_8,45.0,0.6428571428571429
log4j-jpa-2.21.1,original,mq_iteration_9,42.0,0.6086956521739131
log4j-jpa-2.21.1,original,mq_iteration_10,44.0,0.6111111111111112
log4j-jpa-2.21.1,original,mq_iteration_11,43.0,0.6142857142857143
log4j-jpa-2.21.1,original,mq_iteration_12,45.0,0.625
log4j-jpa-2.21.1,original,mq_iteration_13,43.0,0.6142857142857143
log4j-jpa-2.21.1,original,mq_iteration_14,47.0,0.6438356164383562
log4j-jpa-2.21.1,original,mq_iteration_15,43.0,0.6142857142857143
log4j-jpa-2.21.1,original,mq_iteration_16,46.0,0.6388888888888888
log4j-jpa-2.21.1,original,mq_iteration_17,44.0,0.6285714285714286
log4j-jpa-2.21.1,original,mq_iteration_18,44.0,0.6197183098591549
log4j-jpa-2.21.1,original,mq_iteration_19,42.0,0.6086956521739131
log4j-jpa-2.21.1,original,mq_iteration_20,42.0,0.6
log4j-jpa-2.21.1,original,mq_iteration_21,44.0,0.6111111111111112
log4j-jpa-2.21.1,original,mq_iteration_22,44.0,0.6376811594202898
log4j-jpa-2.21.1,original,mq_iteration_23,44.0,0.6285714285714286
log4j-jpa-2.21.1,original,mq_iteration_24,44.0,0.6285714285714286
log4j-jpa-2.21.1,original,mq_iteration_25,43.0,0.6142857142857143
log4j-jpa-2.21.1,original,mq_iteration_26,39.0,0.5735294117647058
log4j-jpa-2.21.1,original,mq_iteration_27,40.0,0.5714285714285714
log4j-jpa-2.21.1,original,mq_iteration_28,38.0,0.5757575757575758
log4j-jpa-2.21.1,original,mq_iteration_29,43.0,0.6056338028169014
log4j-layout-template-json-2.21.1,original,hmd,200.0,0.5681818181818182
log4j-layout-template-json-2.21.1,original,crg_stddev_25,167.0,0.5235109717868338
log4j-layout-template-json-2.21.1,original,crg_stddev_50,167.0,0.5186335403726708
log4j-layout-template-json-2.21.1,original,crg_stddev_75,175.0,0.5335365853658537
log4j-layout-template-json-2.21.1,original,mq_iteration_0,237.0,0.609254498714653
log4j-layout-template-json-2.21.1,original,mq_iteration_1,195.0,0.5357142857142857
log4j-layout-template-json-2.21.1,original,mq_iteration_2,227.0,0.5958005249343832
log4j-layout-template-json-2.21.1,original,mq_iteration_3,225.0,0.5890052356020943
log4j-layout-template-json-2.21.1,original,mq_iteration_4,230.0,0.5989583333333334
log4j-layout-template-json-2.21.1,original,mq_iteration_5,195.0,0.5357142857142857
log4j-layout-template-json-2.21.1,original,mq_iteration_6,238.0,0.6055979643765903
log4j-layout-template-json-2.21.1,original,mq_iteration_7,231.0,0.6
log4j-layout-template-json-2.21.1,original,mq_iteration_8,230.0,0.5958549222797928
log4j-layout-template-json-2.21.1,original,mq_iteration_9,232.0,0.599483204134367
log4j-layout-template-json-2.21.1,original,mq_iteration_10,229.0,0.5948051948051948
log4j-layout-template-json-2.21.1,original,mq_iteration_11,232.0,0.6025974025974026
log4j-layout-template-json-2.21.1,original,mq_iteration_12,232.0,0.6010362694300518
log4j-layout-template-json-2.21.1,original,mq_iteration_13,195.0,0.5357142857142857
log4j-layout-template-json-2.21.1,original,mq_iteration_14,221.0,0.5846560846560847
log4j-layout-template-json-2.21.1,original,mq_iteration_15,239.0,0.6081424936386769
log4j-layout-template-json-2.21.1,original,mq_iteration_16,224.0,0.5894736842105263
log4j-layout-template-json-2.21.1,original,mq_iteration_17,233.0,0.5989717223650386
log4j-layout-template-json-2.21.1,original,mq_iteration_18,227.0,0.5958005249343832
log4j-layout-template-json-2.21.1,original,mq_iteration_19,236.0,0.6066838046272494
log4j-layout-template-json-2.21.1,original,mq_iteration_20,225.0,0.587467362924282
log4j-layout-template-json-2.21.1,original,mq_iteration_21,220.0,0.5804749340369393
log4j-layout-template-json-2.21.1,original,mq_iteration_22,241.0,0.6116751269035533
log4j-layout-template-json-2.21.1,original,mq_iteration_23,233.0,0.6036269430051814
log4j-layout-template-json-2.21.1,original,mq_iteration_24,234.0,0.6015424164524421
log4j-layout-template-json-2.21.1,original,mq_iteration_25,234.0,0.6062176165803109
log4j-layout-template-json-2.21.1,original,mq_iteration_26,237.0,0.6061381074168798
log4j-layout-template-json-2.21.1,original,mq_iteration_27,231.0,0.6
log4j-layout-template-json-2.21.1,original,mq_iteration_28,223.0,0.5837696335078534
log4j-layout-template-json-2.21.1,original,mq_iteration_29,230.0,0.5974025974025974
lucene-analysis-kuromoji-11.0.0,original,hmd,102.0,0.5895953757225434
lucene-analysis-kuromoji-11.0.0,original,crg_stddev_25,122.0,0.5700934579439252
lucene-analysis-kuromoji-11.0.0,original,crg_stddev_50,78.0,0.5098039215686274
lucene-analysis-kuromoji-11.0.0,original,crg_stddev_75,95.0,0.5757575757575758
lucene-analysis-kuromoji-11.0.0,original,mq_iteration_0,111.0,0.6098901098901099
lucene-analysis-kuromoji-11.0.0,original,mq_iteration_1,109.0,0.592391304347826
lucene-analysis-kuromoji-11.0.0,original,mq_iteration_2,113.0,0.6108108108108108
lucene-analysis-kuromoji-11.0.0,original,mq_iteration_3,115.0,0.6149732620320856
lucene-analysis-kuromoji-11.0.0,original,mq_iteration_4,113.0,0.6141304347826086
lucene-analysis-kuromoji-11.0.0,original,mq_iteration_5,103.0,0.5659340659340659
lucene-analysis-kuromoji-11.0.0,original,mq_iteration_6,113.0,0.601063829787234
lucene-analysis-kuromoji-11.0.0,original,mq_iteration_7,87.0,0.5
lucene-analysis-kuromoji-11.0.0,original,mq_iteration_8,112.0,0.6086956521739131
lucene-analysis-kuromoji-11.0.0,original,mq_iteration_9,109.0,0.6022099447513812
lucene-analysis-kuromoji-11.0.0,original,mq_iteration_10,87.0,0.5
lucene-analysis-kuromoji-11.0.0,original,mq_iteration_11,113.0,0.6108108108108108
lucene-analysis-kuromoji-11.0.0,original,mq_iteration_12,111.0,0.6
lucene-analysis-kuromoji-11.0.0,original,mq_iteration_13,115.0,0.6182795698924731
lucene-analysis-kuromoji-11.0.0,original,mq_iteration_14,113.0,0.6042780748663101
lucene-analysis-kuromoji-11.0.0,original,mq_iteration_15,112.0,0.6086956521739131
lucene-analysis-kuromoji-11.0.0,original,mq_iteration_16,108.0,0.5901639344262295
lucene-analysis-kuromoji-11.0.0,original,mq_iteration_17,115.0,0.6149732620320856
lucene-analysis-kuromoji-11.0.0,original,mq_iteration_18,112.0,0.6086956521739131
lucene-analysis-kuromoji-11.0.0,original,mq_iteration_19,113.0,0.6108108108108108
lucene-analysis-kuromoji-11.0.0,original,mq_iteration_20,107.0,0.5911602209944752
lucene-analysis-kuromoji-11.0.0,original,mq_iteration_21,104.0,0.5714285714285714
lucene-analysis-kuromoji-11.0.0,original,mq_iteration_22,87.0,0.5
lucene-analysis-kuromoji-11.0.0,original,mq_iteration_23,113.0,0.6075268817204301
lucene-analysis-kuromoji-11.0.0,original,mq_iteration_24,111.0,0.6
lucene-analysis-kuromoji-11.0.0,original,mq_iteration_25,115.0,0.6149732620320856
lucene-analysis-kuromoji-11.0.0,original,mq_iteration_26,113.0,0.601063829787234
lucene-analysis-kuromoji-11.0.0,original,mq_iteration_27,112.0,0.6021505376344086
lucene-analysis-kuromoji-11.0.0,original,mq_iteration_28,107.0,0.5879120879120879
lucene-analysis-kuromoji-11.0.0,original,mq_iteration_29,112.0,0.6054054054054054
lucene-analysis-nori-11.0.0,original,hmd,69.0,0.575
lucene-analysis-nori-11.0.0,original,crg_stddev_25,59.0,0.5315315315315315
lucene-analysis-nori-11.0.0,original,crg_stddev_50,62.0,0.5486725663716814
lucene-analysis-nori-11.0.0,original,crg_stddev_75,58.0,0.5225225225225225
lucene-analysis-nori-11.0.0,original,mq_iteration_0,76.0,0.5891472868217055
lucene-analysis-nori-11.0.0,original,mq_iteration_1,80.0,0.6106870229007634
lucene-analysis-nori-11.0.0,original,mq_iteration_2,77.0,0.6015625
lucene-analysis-nori-11.0.0,original,mq_iteration_3,80.0,0.6153846153846154
lucene-analysis-nori-11.0.0,original,mq_iteration_4,81.0,0.6183206106870229
lucene-analysis-nori-11.0.0,original,mq_iteration_5,74.0,0.5826771653543307
lucene-analysis-nori-11.0.0,original,mq_iteration_6,74.0,0.5873015873015873
lucene-analysis-nori-11.0.0,original,mq_iteration_7,74.0,0.592
lucene-analysis-nori-11.0.0,original,mq_iteration_8,78.0,0.6
lucene-analysis-nori-11.0.0,original,mq_iteration_9,72.0,0.5669291338582677
lucene-analysis-nori-11.0.0,original,mq_iteration_10,78.0,0.6046511627906976
lucene-analysis-nori-11.0.0,original,mq_iteration_11,77.0,0.5923076923076923
lucene-analysis-nori-11.0.0,original,mq_iteration_12,80.0,0.6153846153846154
lucene-analysis-nori-11.0.0,original,mq_iteration_13,75.0,0.5905511811023622
lucene-analysis-nori-11.0.0,original,mq_iteration_14,76.0,0.59375
lucene-analysis-nori-11.0.0,original,mq_iteration_15,75.0,0.5905511811023622
lucene-analysis-nori-11.0.0,original,mq_iteration_16,78.0,0.609375
lucene-analysis-nori-11.0.0,original,mq_iteration_17,75.0,0.5952380952380952
lucene-analysis-nori-11.0.0,original,mq_iteration_18,76.0,0.5891472868217055
lucene-analysis-nori-11.0.0,original,mq_iteration_19,81.0,0.6183206106870229
lucene-analysis-nori-11.0.0,original,mq_iteration_20,66.0,0.5454545454545454
lucene-analysis-nori-11.0.0,original,mq_iteration_21,76.0,0.6031746031746031
lucene-analysis-nori-11.0.0,original,mq_iteration_22,79.0,0.6030534351145038
lucene-analysis-nori-11.0.0,original,mq_iteration_23,77.0,0.6015625
lucene-analysis-nori-11.0.0,original,mq_iteration_24,74.0,0.5873015873015873
lucene-analysis-nori-11.0.0,original,mq_iteration_25,82.0,0.6259541984732825
lucene-analysis-nori-11.0.0,original,mq_iteration_26,78.0,0.609375
lucene-analysis-nori-11.0.0,original,mq_iteration_27,77.0,0.6062992125984252
lucene-analysis-nori-11.0.0,original,mq_iteration_28,77.0,0.5968992248062015
lucene-analysis-nori-11.0.0,original,mq_iteration_29,73.0,0.584
lucene-codecs-11.0.0,original,hmd,271.0,0.5599173553719008
lucene-codecs-11.0.0,original,crg_stddev_25,222.0,0.5138888888888888
lucene-codecs-11.0.0,original,crg_stddev_50,225.0,0.5125284738041003
lucene-codecs-11.0.0,original,crg_stddev_75,233.0,0.5235955056179775
lucene-codecs-11.0.0,original,mq_iteration_0,316.0,0.5830258302583026
lucene-codecs-11.0.0,original,mq_iteration_1,323.0,0.5981481481481481
lucene-codecs-11.0.0,original,mq_iteration_2,325.0,0.6052141527001862
lucene-codecs-11.0.0,original,mq_iteration_3,323.0,0.5970425138632163
lucene-codecs-11.0.0,original,mq_iteration_4,319.0,0.5929368029739777
lucene-codecs-11.0.0,original,mq_iteration_5,322.0,0.5974025974025974
lucene-codecs-11.0.0,original,mq_iteration_6,314.0,0.5891181988742964
lucene-codecs-11.0.0,original,mq_iteration_7,316.0,0.5917602996254682
lucene-codecs-11.0.0,original,mq_iteration_8,319.0,0.5940409683426443
lucene-codecs-11.0.0,original,mq_iteration_9,320.0,0.5904059040590406
lucene-codecs-11.0.0,original,mq_iteration_10,314.0,0.5847299813780261
lucene-codecs-11.0.0,original,mq_iteration_11,321.0,0.5966542750929368
lucene-codecs-11.0.0,original,mq_iteration_12,327.0,0.6
lucene-codecs-11.0.0,original,mq_iteration_13,310.0,0.5860113421550095
lucene-codecs-11.0.0,original,mq_iteration_14,311.0,0.5879017013232514
lucene-codecs-11.0.0,original,mq_iteration_15,317.0,0.5936329588014981
lucene-codecs-11.0.0,original,mq_iteration_16,312.0,0.5909090909090909
lucene-codecs-11.0.0,original,mq_iteration_17,316.0,0.5851851851851851
lucene-codecs-11.0.0,original,mq_iteration_18,315.0,0.5921052631578947
lucene-codecs-11.0.0,original,mq_iteration_19,306.0,0.5773584905660377
lucene-codecs-11.0.0,original,mq_iteration_20,322.0,0.5951940850277264
lucene-codecs-11.0.0,original,mq_iteration_21,315.0,0.5898876404494382
lucene-codecs-11.0.0,original,mq_iteration_22,315.0,0.5898876404494382
lucene-codecs-11.0.0,original,mq_iteration_23,316.0,0.5951035781544256
lucene-codecs-11.0.0,original,mq_iteration_24,324.0,0.6033519553072626
lucene-codecs-11.0.0,original,mq_iteration_25,314.0,0.5891181988742964
lucene-codecs-11.0.0,original,mq_iteration_26,319.0,0.5951492537313433
lucene-codecs-11.0.0,original,mq_iteration_27,316.0,0.5906542056074766
lucene-codecs-11.0.0,original,mq_iteration_28,327.0,0.6022099447513812
lucene-codecs-11.0.0,original,mq_iteration_29,317.0,0.5914179104477612
lucene-highlighter-11.0.0,original,hmd,211.0,0.5567282321899736
lucene-highlighter-11.0.0,original,crg_stddev_25,175.0,0.5072463768115942
lucene-highlighter-11.0.0,original,crg_stddev_50,181.0,0.5186246418338109
lucene-highlighter-11.0.0,original,crg_stddev_75,183.0,0.5184135977337111
lucene-highlighter-11.0.0,original,mq_iteration_0,261.0,0.605568445475638
lucene-highlighter-11.0.0,original,mq_iteration_1,262.0,0.6064814814814815
lucene-highlighter-11.0.0,original,mq_iteration_2,259.0,0.6023255813953489
lucene-highlighter-11.0.0,original,mq_iteration_3,257.0,0.6032863849765259
lucene-highlighter-11.0.0,original,mq_iteration_4,260.0,0.5990783410138248
lucene-highlighter-11.0.0,original,mq_iteration_5,266.0,0.6129032258064516
lucene-highlighter-11.0.0,original,mq_iteration_6,257.0,0.6018735362997658
lucene-highlighter-11.0.0,original,mq_iteration_7,262.0,0.605080831408776
lucene-highlighter-11.0.0,original,mq_iteration_8,257.0,0.6047058823529412
lucene-highlighter-11.0.0,original,mq_iteration_9,256.0,0.6037735849056604
lucene-highlighter-11.0.0,original,mq_iteration_10,256.0,0.6037735849056604
lucene-highlighter-11.0.0,original,mq_iteration_11,267.0,0.6095890410958904
lucene-highlighter-11.0.0,original,mq_iteration_12,266.0,0.6100917431192661
lucene-highlighter-11.0.0,original,mq_iteration_13,265.0,0.6105990783410138
lucene-highlighter-11.0.0,original,mq_iteration_14,262.0,0.6078886310904872
lucene-highlighter-11.0.0,original,mq_iteration_15,271.0,0.6131221719457014
lucene-highlighter-11.0.0,original,mq_iteration_16,261.0,0.605568445475638
lucene-highlighter-11.0.0,original,mq_iteration_17,259.0,0.6065573770491803
lucene-highlighter-11.0.0,original,mq_iteration_18,264.0,0.6111111111111112
lucene-highlighter-11.0.0,original,mq_iteration_19,266.0,0.6100917431192661
lucene-highlighter-11.0.0,original,mq_iteration_20,262.0,0.6064814814814815
lucene-highlighter-11.0.0,original,mq_iteration_21,257.0,0.6032863849765259
lucene-highlighter-11.0.0,original,mq_iteration_22,258.0,0.6042154566744731
lucene-highlighter-11.0.0,original,mq_iteration_23,267.0,0.6137931034482759
lucene-highlighter-11.0.0,original,mq_iteration_24,268.0,0.6118721461187214
lucene-highlighter-11.0.0,original,mq_iteration_25,262.0,0.6093023255813953
lucene-highlighter-11.0.0,original,mq_iteration_26,263.0,0.6073903002309469
lucene-highlighter-11.0.0,original,mq_iteration_27,258.0,0.6013986013986014
lucene-highlighter-11.0.0,original,mq_iteration_28,256.0,0.5995316159250585
lucene-highlighter-11.0.0,original,mq_iteration_29,256.0,0.6023529411764705
moquette-broker-0.19,original,hmd,265.0,0.5614406779661016
moquette-broker-0.19,original,crg_stddev_25,367.0,0.5853269537480064
moquette-broker-0.19,original,crg_stddev_50,367.0,0.5853269537480064
moquette-broker-0.19,original,crg_stddev_75,225.0,0.5136986301369864
moquette-broker-0.19,original,mq_iteration_0,309.0,0.5896946564885496
moquette-broker-0.19,original,mq_iteration_1,318.0,0.6022727272727273
moquette-broker-0.19,original,mq_iteration_2,319.0,0.5984990619136961
moquette-broker-0.19,original,mq_iteration_3,315.0,0.5988593155893536
moquette-broker-0.19,original,mq_iteration_4,321.0,0.6
moquette-broker-0.19,original,mq_iteration_5,316.0,0.6007604562737643
moquette-broker-0.19,original,mq_iteration_6,317.0,0.5981132075471698
moquette-broker-0.19,original,mq_iteration_7,315.0,0.5954631379962193
moquette-broker-0.19,original,mq_iteration_8,311.0,0.5935114503816794
moquette-broker-0.19,original,mq_iteration_9,312.0,0.5954198473282443
moquette-broker-0.19,original,mq_iteration_10,318.0,0.6022727272727273
moquette-broker-0.19,original,mq_iteration_11,319.0,0.6041666666666666
moquette-broker-0.19,original,mq_iteration_12,318.0,0.5955056179775281
moquette-broker-0.19,original,mq_iteration_13,314.0,0.5891181988742964
moquette-broker-0.19,original,mq_iteration_14,317.0,0.6003787878787878
moquette-broker-0.19,original,mq_iteration_15,323.0,0.6048689138576779
moquette-broker-0.19,original,mq_iteration_16,326.0,0.6104868913857678
moquette-broker-0.19,original,mq_iteration_17,313.0,0.5950570342205324
moquette-broker-0.19,original,mq_iteration_18,306.0,0.5873320537428023
moquette-broker-0.19,original,mq_iteration_19,321.0,0.6022514071294559
moquette-broker-0.19,original,mq_iteration_20,316.0,0.6007604562737643
moquette-broker-0.19,original,mq_iteration_21,314.0,0.5935727788279773
moquette-broker-0.19,original,mq_iteration_22,320.0,0.6015037593984962
moquette-broker-0.19,original,mq_iteration_23,314.0,0.5946969696969697
moquette-broker-0.19,original,mq_iteration_24,315.0,0.5943396226415094
moquette-broker-0.19,original,mq_iteration_25,282.0,0.5720081135902637
moquette-broker-0.19,original,mq_iteration_26,316.0,0.5973534971644613
moquette-broker-0.19,original,mq_iteration_27,313.0,0.590566037735849
moquette-broker-0.19,original,mq_iteration_28,314.0,0.596958174904943
moquette-broker-0.19,original,mq_iteration_29,313.0,0.5928030303030303
scribejava-apis-8.3.4,original,hmd,281.0,0.6056034482758621
scribejava-apis-8.3.4,original,crg_stddev_25,357.0,0.6538461538461539
scribejava-apis-8.3.4,original,crg_stddev_50,357.0,0.6538461538461539
scribejava-apis-8.3.4,original,crg_stddev_75,357.0,0.6538461538461539
scribejava-apis-8.3.4,original,mq_iteration_0,296.0,0.6166666666666667
scribejava-apis-8.3.4,original,mq_iteration_1,292.0,0.6160337552742616
scribejava-apis-8.3.4,original,mq_iteration_2,293.0,0.6091476091476091
scribejava-apis-8.3.4,original,mq_iteration_3,292.0,0.6121593291404612
scribejava-apis-8.3.4,original,mq_iteration_4,297.0,0.6149068322981367
scribejava-apis-8.3.4,original,mq_iteration_5,285.0,0.6012658227848101
scribejava-apis-8.3.4,original,mq_iteration_6,291.0,0.604989604989605
scribejava-apis-8.3.4,original,mq_iteration_7,295.0,0.6145833333333334
scribejava-apis-8.3.4,original,mq_iteration_8,289.0,0.609704641350211
scribejava-apis-8.3.4,original,mq_iteration_9,289.0,0.608421052631579
scribejava-apis-8.3.4,original,mq_iteration_10,300.0,0.6172839506172839
scribejava-apis-8.3.4,original,mq_iteration_11,295.0,0.6107660455486542
scribejava-apis-8.3.4,original,mq_iteration_12,294.0,0.6137787056367432
scribejava-apis-8.3.4,original,mq_iteration_13,295.0,0.6133056133056133
scribejava-apis-8.3.4,original,mq_iteration_14,295.0,0.6145833333333334
scribejava-apis-8.3.4,original,mq_iteration_15,301.0,0.6206185567010309
scribejava-apis-8.3.4,original,mq_iteration_16,296.0,0.6153846153846154
scribejava-apis-8.3.4,original,mq_iteration_17,292.0,0.6083333333333333
scribejava-apis-8.3.4,original,mq_iteration_18,296.0,0.6103092783505155
scribejava-apis-8.3.4,original,mq_iteration_19,287.0,0.6067653276955602
scribejava-apis-8.3.4,original,mq_iteration_20,299.0,0.6139630390143738
scribejava-apis-8.3.4,original,mq_iteration_21,290.0,0.605427974947808
scribejava-apis-8.3.4,original,mq_iteration_22,294.0,0.6150627615062761
scribejava-apis-8.3.4,original,mq_iteration_23,296.0,0.6128364389233955
scribejava-apis-8.3.4,original,mq_iteration_24,307.0,0.6252545824847251
scribejava-apis-8.3.4,original,mq_iteration_25,285.0,0.6076759061833689
scribejava-apis-8.3.4,original,mq_iteration_26,294.0,0.6125
scribejava-apis-8.3.4,original,mq_iteration_27,297.0,0.6149068322981367
scribejava-apis-8.3.4,original,mq_iteration_28,289.0,0.6071428571428571
scribejava-apis-8.3.4,original,mq_iteration_29,295.0,0.615866388308977
